"ID","氏名","年齢","生年月日","性別","メールアドレス","携帯電話番号",住所
1,"細川 泰生",48,"1977-05-01","男","hosokawa_yasuo@example.ne.jp","050-0407-4392","福岡県福岡市中央区渡辺通1-3-9"
2,"辻 綾子",25,"2000-08-10","女","tsujiayako@example.net","080-1229-9483","神奈川県川崎市高津区二子3-2-19"
3,"荒木 裕介",77,"1948-02-14","男","araki214@example.ne.jp","090-5794-9656","東京都新宿区四谷1-4-9"
4,"齊藤 健",64,"1961-08-12","男","saitoken@example.jp","070-7326-0601","東京都港区虎ノ門1-5-20"
5,"冨永 伸幸",40,"1985-06-29","男","tominaga629@example.org","050-1372-8263","東京都港区南青山3-1-506エミネンス502"
6,"笹谷 侑希",78,"1947-04-02","女","sasaya_42@example.com","080-0980-0443","兵庫県姫路市安田3-3-18"
7,"奥田 卓也",25,"2000-04-06","男","okuda_46@example.co.jp","050-6335-5889","愛知県名古屋市北区大曽根2-2-901ベルアーバニティ413"
8,"小野 雅子",39,"1986-02-01","女","masako_ono@example.co.jp","050-8168-6767","東京都目黒区下目黒1-5-10"
9,"小西 守",52,"1973-08-04","男","mamoru_konishi@example.ne.jp","080-1114-7248","東京都港区西麻布1-1-4"
10,"安田 栄子",30,"1995-03-28","女","eikoyasuda@example.org","090-2157-2342","東京都杉並区和泉4-1-6"
11,"小島 祐介",21,"2004-05-02","男","kojima_yuusuke@example.ne.jp","050-1919-5780","大阪府大阪市淀川区西中島1-2-13"
12,"原田 由美",23,"2002-05-23","女","harada_523@example.net","080-3309-0638","兵庫県姫路市神屋町2-2-3"
13,"高田 みゆき",66,"1959-08-18","女","miyukitakada@example.jp","090-4079-0326","東京都板橋区前野町1-3-505"
14,"宮井 直美",33,"1992-02-09","女","naomimiyai@example.co.jp","070-1793-8657","埼玉県本庄市早稲田の杜3-1-4グランブルー805"
15,"松井 亮子",67,"1957-11-27","女","ryoukomatsui@example.co.jp","050-1304-1299","東京都江東区森下4-3-4"
16,"木村 知",27,"1998-06-18","男","kimurasatoru@example.org","070-7397-7600","東京都練馬区貫井3-2-15"
17,"山下 晶子",33,"1991-11-11","女","yamashitashouko@example.ne.jp","090-5437-4866","東京都品川区東五反田4-3-9"
18,"大澤 健一",60,"1965-03-08","男","kenichiosawa@example.org","080-6235-4696","北海道旭川市八条通1-3-603エンゼルクレッセ314"
19,"豊住 陽一",66,"1958-12-05","男","youichitoyozumi@example.co.jp","090-2521-0623","北海道札幌市北区北二十八条西2-3-305"
20,"大橋 健嗣",31,"1993-11-27","男","ohashikenji@example.co.jp","070-7556-2171","静岡県静岡市清水区辻2-1-21"
21,"田村 政人",42,"1983-08-18","男","tamura818@example.co.jp","070-0604-5167","福岡県福岡市博多区博多駅前4-2-10"
22,"水谷 友紀",40,"1985-04-02","女","mizutanitomoki@example.ne.jp","090-8748-5154","東京都世田谷区粕谷2-2-20"
23,"若林 茂美",75,"1950-04-25","女","wakabayashishigemi@example.co.jp","080-5511-7591","福岡県北九州市八幡東区枝光2-2-21フラット402"
24,"岩田 泰子",44,"1981-07-19","女","iwatayasuko@example.ne.jp","050-3613-1763","愛知県名古屋市港区藤前4-1-6"
25,"井部 大輔",32,"1993-05-27","男","ibe_527@example.ne.jp","080-9990-8434","北海道札幌市西区西野八条3-1-11コボリクラスタ101"
26,"阿部 譲二",80,"1945-05-31","男","abe_531@example.jp","090-4688-0992","神奈川県横浜市泉区中田東3-3-10"
27,"大澤 博樹",49,"1976-04-03","男","osawa_43@example.jp","090-0231-1561","高知県高知市本町2-2-9"
28,"青山 大輔",46,"1978-11-20","男","daisukeaoyama@example.com","080-5304-0835","東京都港区西麻布1-4-16"
29,"向井 裕記",45,"1980-03-21","男","mukai_yuuki@example.org","080-3255-5784","東京都杉並区阿佐谷北4-3-6"
30,"小川 正彰",48,"1977-05-31","男","ogawa_masaaki@example.com","070-8796-5074","東京都世田谷区祖師谷1-1-6"
31,"上原 未来",65,"1960-03-23","女","ueharamiki@example.ne.jp","090-7838-5993","東京都世田谷区桜上水3-2-9"
32,"木村 聖也",78,"1947-08-04","男","kimuraseiya@example.jp","070-5834-4868","神奈川県大和市中央林間2-5-15"
33,"石森 淳一",41,"1984-01-24","男","junichi_ishimori@example.org","070-1627-9002","東京都台東区台東3-1-17"
34,"木村 俊宏",60,"1965-06-12","男","kimura612@example.net","090-8261-7679","東京都渋谷区神宮前1-2-4"
35,"福本 博信",31,"1993-10-12","男","fukumoto1012@example.co.jp","080-6402-8075","東京都新宿区四谷3-3-7フルーレ102"
36,"古川 亮介",22,"2003-08-02","男","furukawa82@example.com","050-9608-8651","愛知県名古屋市北区安井2-1-7"
37,"高橋 哲朗",20,"2004-10-04","男","tetsurou_takahashi@example.com","080-5117-9644","東京都品川区南大井3-4-103"
38,"塚田 陽子",37,"1988-06-02","女","tsukada62@example.jp","090-3865-2910","神奈川県川崎市多摩区菅2-5-11"
39,"吉原 由香",64,"1961-07-23","女","yoshihara723@example.net","080-3827-6939","千葉県船橋市習志野1-2-14"
40,"濱田 圭輔",45,"1980-03-12","男","keisuke_hamada@example.jp","070-7515-9606","大阪府茨木市豊川2-3-8"
41,"宮田 雅臣",61,"1964-09-25","その他","masaomimiyata@example.org","050-9768-1590","東京都新宿区神楽坂2-2-10"
42,"増田 明美",22,"2003-06-11","女","masuda611@example.co.jp","080-7812-3970","千葉県千葉市中央区中央1-1-8"
43,"本田 悠希",49,"1976-07-06","男","yuukihonda@example.net","080-4270-0920","福岡県福岡市博多区千代1-1-9"
44,"渡部 京子",35,"1990-07-22","女","kyoukowatanabe@example.co.jp","050-1649-6489","千葉県流山市平和台2-1-6"
45,"佐藤 知憲",28,"1996-10-19","男","tomonori_sato@example.co.jp","080-8125-5092","東京都杉並区高円寺南2-3-603"
46,"和田 貴志",65,"1960-06-10","男","wadatakashi@example.ne.jp","070-9004-3671","長野県千曲市上山田温泉3-4-14"
47,"榎本 啓介",64,"1961-08-28","男","keisukeenomoto@example.jp","070-8214-1391","東京都港区西麻布3-1-507"
48,"大竹 智之",53,"1972-02-05","男","otaketomoyuki@example.co.jp","070-2306-3191","大阪府大阪市都島区都島本通3-2-808"
49,"松本 綾子",61,"1964-01-14","女","matsumotoayako@example.com","050-5247-2369","東京都新宿区高田馬場4-2-9"
50,"宮崎 和花",60,"1965-07-15","女","yasukamiyazaki@example.ne.jp","050-2409-5040","愛知県名古屋市中区栄2-2-5"
51,"高嶋 健一",51,"1974-08-01","男","takashima_81@example.ne.jp","070-8140-5765","広島県福山市川口町2-3-10"
52,"石川 敦子",46,"1979-04-19","女","atsukoishikawa@example.net","080-5896-3892","東京都東村山市富士見町3-4-502パストラルハイム210"
53,"大橋 誠一",25,"1999-12-05","男","ohashiseiichi@example.co.jp","080-2875-2410","東京都港区南麻布1-3-8ヒルズコート708"
54,"佐久間 靖",49,"1975-12-21","男","yasushisakuma@example.net","080-8158-3321","神奈川県横浜市南区中村町2-1-606セントラル115"
55,"金城 太郎",33,"1992-07-18","男","taroukinjou@example.co.jp","090-3330-4436","東京都練馬区平和台3-2-7ロイヤルアーク409"
56,"廣瀬 泰宏",47,"1978-05-30","男","hiroseyasuhiro@example.org","090-3522-3117","東京都杉並区荻窪3-2-10"
57,"石橋 篤",22,"2003-01-23","男","ishibashi123@example.org","070-4142-2812","東京都千代田区飯田橋1-3-7"
58,"駿河 直人",27,"1998-02-02","男","naoto_suruga@example.co.jp","090-1218-8303","愛知県名古屋市中村区平池町3-2-20"
59,"中村 則之",55,"1969-11-05","男","noriyuki_nakamura@example.jp","080-7485-2399","東京都渋谷区広尾4-2-3"
60,"橋本 美栄子",27,"1998-04-03","女","miekohashimoto@example.net","090-3653-9659","北海道札幌市東区伏古十三条1-3-7"
61,"木村 友実",59,"1966-07-31","女","kimura731@example.org","080-9267-2658","大阪府守口市大日町1-1-5"
62,"新見 昌子",25,"2000-03-07","女","niimi_masako@example.co.jp","050-0064-0348","埼玉県上尾市柏座3-4-5"
63,"三宮 いずみ",69,"1956-08-07","女","izumisannomiya@example.net","080-3094-8902","東京都杉並区高井戸東4-2-10"
64,"川瀬 正実",44,"1981-07-19","男","masamikawase@example.com","070-3918-3099","東京都杉並区高円寺南3-2-9"
65,"澤野 寛子",67,"1958-02-15","女","hiroko_sawano@example.ne.jp","090-3197-6614","東京都江戸川区南小岩4-3-10"
66,"吉田 悠介",79,"1946-07-09","男","yoshida_79@example.org","050-6204-1127","北海道旭川市末広東一条1-2-4"
67,"杉浦 文夫",62,"1963-02-16","男","fumio_sugiura@example.jp","090-1802-2088","大阪府豊中市東豊中町2-2-10"
68,"中山 ちはる",28,"1997-08-05","女","nakayama_85@example.jp","080-6358-0157","東京都文京区湯島3-2-5ドムール407"
69,"河瀬 七重",42,"1983-07-23","その他","nanaekawase@example.org","070-7169-6419","愛媛県松山市空港通2-2-303シーアイハイツ813"
70,"浦田 文",39,"1986-01-02","女","fumiurata@example.com","050-1537-9065","神奈川県横浜市旭区若葉台4-1-7"
71,"鈴木 しのぶ",38,"1987-06-14","女","suzukishinobu@example.jp","090-3453-4488","大阪府大阪市中央区南船場1-3-8"
72,"森 孝佳",52,"1973-03-06","男","takayoshimori@example.ne.jp","080-6472-1151","兵庫県神戸市中央区御幸通1-3-6"
73,"井上 雅博",29,"1995-10-01","男","inoue_masahiro@example.co.jp","080-6128-3274","大阪府門真市三ツ島3-1-4"
74,"及川 幸子",71,"1954-04-01","女","oikawa_sachiko@example.net","050-1870-1144","北海道札幌市手稲区新発寒四条3-2-204"
75,"三嶋 和久",75,"1950-09-16","男","mishima_kazuhisa@example.org","050-0889-8951","埼玉県ふじみ野市ふじみ野2-3-901"
76,"前島 利明",73,"1951-09-30","男","maejima_930@example.net","050-2172-1717","大阪府大阪市旭区赤川2-1-10"
77,"川村 聡",54,"1971-07-17","その他","akira_kawamura@example.net","080-4269-4380","岡山県岡山市北区奉還町1-2-1109ハーティネス106"
78,"田所 真次",23,"2001-11-14","男","shinji_tadokoro@example.net","050-6521-1867","東京都練馬区田柄2-2-301サンロイヤル610"
79,"金森 富美",74,"1950-12-16","女","kanamori1216@example.net","080-8548-6538","東京都葛飾区西亀有4-2-4セーリオ303"
80,"加藤 智明",28,"1997-09-08","男","kato_98@example.jp","080-5187-7941","神奈川県横浜市鶴見区下野谷町1-1-7"
81,"新沼 律",21,"2003-10-30","男","niinuma1030@example.co.jp","090-6707-5210","東京都港区新橋1-5-10"
82,"和田 義雄",27,"1998-03-31","男","yoshiowada@example.net","050-7437-0550","東京都墨田区江東橋2-2-15"
83,"松下 龍",45,"1979-11-05","男","matsushita115@example.co.jp","050-9941-4026","東京都中野区上鷺宮4-3-5"
84,"金子 俊洋",33,"1992-07-16","男","kaneko_toshihiro@example.jp","080-8484-9671","神奈川県横浜市鶴見区鶴見中央1-1-6"
85,"鈴木 茂雄",68,"1956-11-14","男","suzukishigeo@example.net","070-9033-2914","東京都港区赤坂4-2-7"
86,"長瀬 雅美",47,"1978-03-20","女","masaminagase@example.co.jp","090-5220-2805","東京都江東区豊洲3-3-707"
87,"松野 智博",39,"1986-03-19","男","tomohiromatsuno@example.ne.jp","080-1436-0276","群馬県高崎市下和田町2-2-11"
88,"山崎 一弘",70,"1955-05-14","男","yamazakikazuhiro@example.ne.jp","070-7255-6813","東京都日野市日野本町2-4-10フォルム305"
89,"前田 秀明",48,"1976-12-17","男","hideaki_maeda@example.ne.jp","070-8370-7209","大阪府大阪市中央区南船場1-3-8"
90,"野田 貴",26,"1999-09-23","男","noda_923@example.com","070-3718-9554","東京都江東区亀戸2-1-6"
91,"原田 真代",27,"1998-09-21","女","harada_mayo@example.co.jp","090-2849-6008","大阪府大阪市港区波除1-3-5"
92,"山本 晋也",33,"1992-01-10","男","yamamoto_shinya@example.org","070-2123-1158","千葉県浦安市北栄1-3-10"
93,"黒 智博",54,"1971-07-09","男","kuro_79@example.co.jp","080-5814-7254","愛知県名古屋市南区大同町1-3-3"
94,"澤井 康文",71,"1954-05-19","男","yasufumi_sawai@example.com","050-9183-0456","岐阜県多治見市坂上町3-4-13"
95,"藤川 奈央",24,"2001-05-03","女","fujikawa_53@example.org","070-7123-6746","東京都渋谷区代々木2-2-20"
96,"鈴木 広明",65,"1959-12-17","男","suzuki_hiroaki@example.org","080-6608-6346","東京都狛江市岩戸南1-2-17"
97,"岡本 貴雄",78,"1946-10-03","男","takaookamoto@example.net","070-6410-5540","大阪府池田市神田3-1-3ファミーユ407"
98,"中野 勉",80,"1945-07-01","男","tsutomu_nakano@example.net","050-5012-5476","広島県福山市東川口町3-3-9"
99,"三上 敬",46,"1979-05-15","男","mikami_takashi@example.ne.jp","050-9560-2138","東京都世田谷区桜上水4-2-10ヴェルビュ113"
100,"伊藤 志織",37,"1988-05-30","女","shioriito@example.co.jp","050-0053-3307","東京都武蔵村山市学園3-3-102"
101,"光永 宏樹",26,"1999-07-05","男","hiroki_mitsunaga@example.ne.jp","070-9078-9481","山形県山形市印役町1-1-19"
102,"近藤 慶子",52,"1973-05-15","女","keikokondou@example.ne.jp","090-5087-7565","東京都港区西麻布1-2-22"
103,"村上 泰",44,"1981-09-05","男","murakamiyasushi@example.ne.jp","070-0848-6581","兵庫県川西市緑台1-2-806"
104,"大嶋 友世",45,"1979-09-29","男","oshimatomoyo@example.com","050-1091-1497","東京都品川区戸越3-2-9"
105,"岡 利枝",28,"1997-08-22","女","rie_oka@example.ne.jp","090-9755-0653","宮城県仙台市青葉区中央4-3-5クレオ510"
106,"梶野 亜矢子",33,"1991-11-25","女","kajino_1125@example.jp","050-2145-5925","東京都豊島区東池袋3-2-5"
107,"石原 隆太",23,"2001-12-08","その他","ishihara_ryuuta@example.net","080-7472-6239","東京都杉並区和泉3-1-9"
108,"安藤 博行",43,"1982-07-30","男","hiroyukiandou@example.net","080-3400-1474","茨城県古河市東本町1-1-5"
109,"森 晃男",70,"1954-11-02","男","mori112@example.net","090-5146-3657","埼玉県深谷市東方町1-3-12"
110,"山田 幸一",53,"1972-04-13","男","koichiyamada@example.jp","080-5182-0080","東京都荒川区東日暮里3-3-9"
111,"中村 武史",56,"1969-06-26","男","nakamura_626@example.org","090-4751-8029","石川県金沢市藤江北3-5-6"
112,"川上 隆史",63,"1962-02-06","男","kawakami26@example.ne.jp","050-3608-9484","東京都墨田区両国2-3-7"
113,"土居 大輔",23,"2002-01-06","男","daisuke_doi@example.com","070-7946-3149","千葉県佐倉市中志津2-1-20"
114,"土橋 良平",20,"2004-10-04","男","dobashi_104@example.co.jp","090-1956-1857","北海道札幌市中央区北一条西3-5-17"
115,"宮下 勉",24,"2001-01-15","男","miyashitatsutomu@example.co.jp","080-9963-5776","新潟県長岡市新産1-5-19"
116,"田中 千賀",74,"1951-06-29","女","tanaka_chika@example.net","070-8347-0443","東京都千代田区九段北3-2-22"
117,"中塚 景子",46,"1979-09-11","女","keikonakatsuka@example.net","050-0279-2415","北海道札幌市白石区栄通4-2-7"
118,"嶋本 真知子",37,"1987-11-07","女","shimamoto_machiko@example.co.jp","050-0317-6818","神奈川県横浜市都筑区茅ケ崎東4-1-3"
119,"寺島 顕",75,"1950-07-09","男","terashima79@example.net","070-4043-2711","東京都渋谷区渋谷1-1-10"
120,"大嶋 義昭",60,"1965-08-06","男","yoshiakioshima@example.co.jp","070-0265-5705","北海道稚内市末広3-3-7"
121,"酒井 亮平",74,"1951-03-11","男","ryouhei_sakai@example.jp","090-2804-8444","宮城県仙台市太白区茂庭台3-1-15コンセール613"
122,"伊藤 亮",64,"1960-10-17","男","ryou_ito@example.ne.jp","090-8150-5543","愛知県名古屋市中区大須3-1-3"
123,"高橋 ちはる",68,"1957-03-21","その他","takahashi_chiharu@example.org","070-8370-3439","東京都新宿区高田馬場3-3-4"
124,"西 徳子",77,"1947-10-23","女","noriko_nishi@example.net","050-4943-9028","神奈川県横浜市都筑区荏田南2-3-11マークス114"
125,"高橋 聡子",45,"1980-09-14","女","satoko_takahashi@example.com","080-2212-5448","東京都大田区下丸子2-4-12"
126,"小林 理加",34,"1990-11-06","女","rikakobayashi@example.jp","080-1338-8533","埼玉県北本市中央2-1-17"
127,"平子 晋二",63,"1962-03-24","男","hirakoshinji@example.co.jp","080-3215-2649","東京都江戸川区南篠崎町2-4-8ネオライフマンション116"
128,"堀越 美咲",43,"1982-07-04","女","misakihorikoshi@example.jp","050-4085-2807","東京都多摩市関戸1-2-7チュリス706"
129,"上田 直己",32,"1993-07-23","男","naomiueda@example.net","090-2953-5849","東京都江東区豊洲3-4-4"
130,"高橋 洋介",65,"1960-09-21","男","yousuke_takahashi@example.jp","090-9437-2893","福岡県福岡市西区福重3-2-16"
131,"原 義",66,"1959-01-17","男","tadashihara@example.jp","070-3511-5562","愛知県名古屋市港区多加良浦町3-3-6"
132,"大前 洋治",36,"1989-04-25","男","youjiomae@example.org","090-2824-4117","山口県下関市竹崎町2-1-4"
133,"小野 麻友子",46,"1978-12-18","女","mayuko_ono@example.ne.jp","080-1625-7402","青森県八戸市石堂2-3-5"
134,"松崎 慎一",42,"1983-09-04","男","matsuzaki_shinichi@example.org","070-0354-0319","埼玉県さいたま市南区太田窪4-3-9"
135,"鈴村 英雄",23,"2002-07-24","男","suzumura_hideo@example.com","090-5272-1015","茨城県日立市東金沢町1-3-3ディーグランセ609"
136,"大垣 仁美",58,"1967-05-16","女","hitomiogaki@example.com","090-5531-2511","広島県福山市大門町2-4-1003"
137,"坂下 昌徳",58,"1967-06-11","男","masanori_sakashita@example.org","070-5695-4588","北海道旭川市忠和七条2-2-6"
138,"坂本 尚",26,"1999-03-15","男","nao_sakamoto@example.com","070-8277-3452","東京都新宿区高田馬場2-5-18"
139,"田草川 剛",24,"2000-11-13","男","takusagawa_1113@example.org","080-5159-4152","東京都板橋区赤塚1-2-8ネオダイキョー807"
140,"梅沢 仁",77,"1948-07-28","男","umezawa_hitoshi@example.jp","070-8585-2369","福岡県久留米市東合川2-1-1206"
141,"三宅 俊昭",33,"1992-08-23","男","miyaketoshiaki@example.com","050-6999-9474","大阪府大阪市阿倍野区昭和町2-1-3"
142,"峯村 誠志",70,"1955-03-16","男","minemuraseiji@example.com","050-4494-7876","愛知県名古屋市中村区名駅4-2-7"
143,"浅利 慶之",60,"1965-08-04","男","asari_84@example.co.jp","070-4709-6262","大阪府大阪市北区西天満3-5-1005"
144,"成田 輝",27,"1997-12-20","男","narita_akira@example.net","050-1478-5311","東京都豊島区池袋本町3-5-13"
145,"寺山 恭子",24,"2001-01-22","女","terayamakyouko@example.co.jp","090-4011-2573","福岡県福岡市東区多の津2-3-7"
146,"横溝 次郎",49,"1976-09-08","その他","yokomizo98@example.co.jp","080-8587-3426","神奈川県川崎市麻生区はるひ野3-2-10"
147,"田村 孝信",22,"2002-10-03","男","tamura103@example.jp","050-6888-7966","愛知県知多市巽が丘2-5-11"
148,"田中 英",69,"1956-02-01","男","tanaka_21@example.co.jp","050-0626-0863","福岡県福岡市西区姪浜駅南1-5-8"
149,"北見 篤",35,"1989-12-21","男","kitami_atsushi@example.org","090-6725-2090","東京都中野区中央1-1-11"
150,"中川 貴大",73,"1952-03-14","男","nakagawatakahiro@example.ne.jp","050-9431-6146","東京都港区赤坂3-1-6"
151,"川崎 亜佐子",50,"1975-08-30","女","asako_kawasaki@example.jp","050-9671-4483","東京都文京区本郷3-2-19"
152,"吉田 真梨子",60,"1965-07-27","女","yoshida727@example.co.jp","080-3566-8693","千葉県松戸市東松戸4-1-5"
153,"倉本 由紀乃",61,"1964-09-05","女","yukino_kuramoto@example.com","070-5934-4259","宮城県仙台市泉区長命ケ丘2-3-3フェルティパーク113"
154,"富 英治",59,"1965-11-22","男","tomi_eiji@example.com","080-9143-7929","大阪府大阪市住之江区南加賀屋1-2-10"
155,"佐藤 信夫",77,"1948-01-01","男","sato_nobuo@example.jp","050-0330-4065","東京都港区虎ノ門1-3-22"
156,"植中 陽一",74,"1951-03-14","男","uenakayouichi@example.org","050-7832-6782","大阪府八尾市久宝寺1-1-21"
157,"吉田 一郎",40,"1985-05-12","男","yoshidaichirou@example.net","090-2555-7399","東京都中野区本町1-1-1009"
158,"松田 竜太",27,"1998-08-14","男","ryouta_matsuda@example.ne.jp","090-0241-9225","兵庫県尼崎市南武庫之荘2-1-10"
159,"沖 直樹",27,"1998-07-08","男","okinaoki@example.com","050-0430-8989","埼玉県さいたま市南区内谷1-4-11グランドマンション108"
160,"小板橋 亜季子",77,"1947-12-17","女","koitabashi_1217@example.org","050-3695-2638","東京都港区虎ノ門2-2-8"
161,"石鍋 幸一",66,"1959-04-01","男","ishinabe_koichi@example.co.jp","070-4497-9532","東京都世田谷区駒沢3-5-1002"
162,"北村 晋一",47,"1978-05-27","男","kitamurashinichi@example.com","080-1285-6333","広島県呉市三条2-2-7"
163,"小阪 友恵",56,"1969-09-20","女","kosaka920@example.org","080-6363-3389","宮城県仙台市泉区加茂2-4-8"
164,"金 志郎",40,"1985-03-01","男","kimushirou@example.jp","090-6854-7507","東京都港区三田3-2-1207ベルヴィル612"
165,"藤本 正憲",54,"1971-03-27","その他","fujimoto327@example.co.jp","050-5994-6560","宮城県仙台市太白区大野田4-3-7"
166,"成田 雄介",41,"1984-01-14","男","narita114@example.org","070-2329-7036","東京都足立区西新井1-4-21"
167,"横山 紗織",53,"1972-09-10","その他","yokoyama_saori@example.jp","090-6964-9755","大阪府大阪市浪速区日本橋2-2-3"
168,"川瀬 亜子",42,"1983-07-20","女","akokawase@example.jp","050-7353-5382","兵庫県姫路市御立中2-3-8"
169,"高橋 俊弘",36,"1989-08-18","男","takahashitoshihiro@example.com","080-6285-5169","鹿児島県鹿児島市西伊敷1-2-8"
170,"尾崎 秀夫",49,"1975-10-07","男","ozaki107@example.jp","050-2332-8297","福岡県久留米市宮ノ陣3-4-702"
171,"菅原 明広",71,"1953-12-27","男","sugawaraakihiro@example.jp","050-5258-1323","千葉県木更津市東太田3-4-20"
172,"増井 隆",62,"1963-03-07","男","masuitakashi@example.jp","080-1366-6591","兵庫県神戸市中央区浜辺通1-2-9"
173,"長谷川 英樹",43,"1982-07-13","男","hasegawa_hideki@example.jp","050-0791-3874","東京都東久留米市南町4-3-9"
174,"片岡 友宏",56,"1969-05-23","男","kataokatomohiro@example.co.jp","070-1063-3642","岐阜県美濃加茂市太田本町2-1-5ファインフラッツ111"
175,"山内 宏美",37,"1988-08-17","女","yamauchihiromi@example.co.jp","070-2060-9188","北海道登別市中央町1-3-22"
176,"山本 淑恵",51,"1974-09-21","女","yamamoto921@example.ne.jp","090-2582-8439","東京都品川区中延3-2-7"
177,"野田 ひとみ",64,"1961-02-05","女","noda_hitomi@example.ne.jp","080-6266-4742","東京都台東区池之端3-5-19"
178,"堀内 広樹",42,"1983-08-20","男","hiroki_horiuchi@example.ne.jp","070-2949-1135","静岡県沼津市大手町1-1-19"
179,"松下 隆久",28,"1997-02-10","男","matsushita_takahisa@example.org","070-3739-1485","東京都港区新橋2-3-12ロイヤルシャトー801"
180,"安藤 寛子",24,"2000-10-27","女","andou1027@example.com","090-9505-4615","宮城県多賀城市笠神3-2-303"
181,"柳生 貴大",64,"1960-12-07","男","yagyuu_127@example.com","080-5204-0863","東京都文京区湯島1-4-21"
182,"岩崎 綾乃",60,"1965-05-22","女","ayano_iwasaki@example.com","070-1241-7149","東京都港区南麻布2-1-8リバーガーデン111"
183,"三澤 崇",34,"1990-10-12","その他","misawatakashi@example.net","050-3930-7499","東京都中央区銀座4-2-9"
184,"中島 勲",73,"1952-03-09","男","isaonakajima@example.com","080-1498-1929","北海道札幌市中央区南九条西4-3-6"
185,"松原 朋子",67,"1958-03-21","女","matsubara_tomoko@example.co.jp","050-4737-1498","広島県広島市南区大州3-1-7"
186,"山形 良成",43,"1982-01-26","男","yoshinariyamagata@example.co.jp","090-9167-5825","大阪府大阪市東住吉区鷹合4-2-9"
187,"高橋 明美",29,"1996-02-15","女","takahashi_akemi@example.ne.jp","080-2874-1844","沖縄県宜野湾市嘉数1-3-10"
188,"高平 健太郎",72,"1953-01-10","男","kentarou_takahira@example.org","080-3468-3805","北海道千歳市福住4-3-3"
189,"岸 恵理子",63,"1962-02-11","女","eriko_kishi@example.com","050-1300-8221","東京都渋谷区千駄ヶ谷3-3-3"
190,"陣内 眞知子",77,"1948-01-07","女","machikojinnai@example.org","070-1313-2836","大阪府大阪市東住吉区駒川3-2-6グランアッシュ307"
191,"高瀬 聖子",23,"2002-02-28","女","seiko_takase@example.com","080-9884-9986","兵庫県西宮市仁川町1-4-9"
192,"成田 千佳",57,"1968-02-19","女","narita219@example.jp","080-0317-8380","東京都渋谷区神宮前4-2-4"
193,"緑 彰一",26,"1999-09-08","男","midori_98@example.net","050-8740-3450","東京都北区西ケ原3-2-9"
194,"清本 伸",63,"1962-06-07","男","kiyomoto_67@example.co.jp","080-1360-6692","東京都新宿区高田馬場1-2-14"
195,"猪股 亜実",40,"1984-12-24","女","amiinomata@example.org","050-9637-9913","北海道札幌市中央区北二条西2-1-20"
196,"中居 誠",71,"1954-03-10","男","makotonakai@example.co.jp","090-4774-8421","愛知県名古屋市東区砂田橋1-2-6"
197,"藤原 力也",40,"1985-07-17","男","rikiya_fujiwara@example.net","090-0585-0189","鹿児島県鹿児島市伊敷台3-4-9"
198,"菅原 豪",38,"1987-08-10","男","sugawara810@example.net","080-0939-1882","鹿児島県鹿屋市西原1-1-10"
199,"西岡 大輔",31,"1993-12-29","男","daisukenishioka@example.com","070-8702-4974","神奈川県相模原市南区東大沼1-3-16"
200,"三好 和子",20,"2005-03-03","女","miyoshikazuko@example.jp","090-7960-0210","千葉県市川市大野町1-2-9エーベル605"
201,"岡崎 剛",60,"1964-12-08","男","okazaki_tsuyoshi@example.co.jp","090-8959-8854","大阪府大阪市東淀川区小松2-4-18"
202,"南 江里子",75,"1950-02-04","女","minami24@example.net","090-2368-8132","大阪府大阪市大正区三軒家東3-2-105"
203,"上條 眞",68,"1957-07-24","男","kamijou_makoto@example.org","070-1748-8971","大阪府大阪市東淀川区豊新1-3-10"
204,"渡辺 朋美",31,"1994-08-18","女","watanabe_tomomi@example.ne.jp","050-7451-5126","兵庫県姫路市東延末2-5-7"
205,"杉本 修平",31,"1994-02-24","男","sugimotoshuuhei@example.org","080-0772-9289","宮崎県延岡市大貫町2-2-4"
206,"松田 和也",27,"1998-08-18","男","matsuda_818@example.ne.jp","080-7449-4728","東京都新宿区百人町2-3-10"
207,"毛利 美波",73,"1951-12-02","女","mouriminami@example.ne.jp","070-9795-6356","東京都品川区西五反田2-3-4エムプラザ603"
208,"鈴木 吉昭",53,"1971-11-20","男","suzuki_yoshiaki@example.com","080-9125-6580","東京都世田谷区上北沢1-4-1005"
209,"矢野 崇",47,"1978-09-02","男","yano_92@example.ne.jp","050-8107-0015","東京都新宿区高田馬場1-1-14"
210,"志賀 翔",73,"1952-02-21","男","shoushiga@example.co.jp","080-4211-8608","千葉県柏市旭町2-2-10アズ311"
211,"鈴木 仁",27,"1997-10-05","男","suzuki_hitoshi@example.ne.jp","070-6826-7126","福岡県福岡市中央区天神2-5-15"
212,"吉池 信次",65,"1960-09-11","男","shinji_yoshiike@example.ne.jp","080-5885-3752","北海道函館市日吉町2-1-205"
213,"望月 拓人",51,"1974-07-30","男","mochizuki730@example.jp","050-4669-7766","東京都三鷹市中原2-1-13"
214,"松本 諭",56,"1969-03-04","男","matsumoto_34@example.jp","080-1322-8219","東京都江戸川区鹿骨2-4-6"
215,"松田 博俊",38,"1987-05-06","男","matsuda_hirotoshi@example.ne.jp","050-5383-1003","大阪府大阪市淀川区西中島4-2-9"
216,"伊藤 大智",50,"1975-02-28","男","ito228@example.net","090-7203-9684","東京都江東区東砂3-3-4"
217,"矢口 美恵子",78,"1947-07-28","女","yaguchi728@example.co.jp","090-9723-4412","北海道札幌市白石区平和通2-3-4"
218,"石塚 優",28,"1996-10-04","男","ishizuka_yuu@example.ne.jp","050-1303-2050","大阪府高槻市富田町2-3-14"
219,"山田 慶子",67,"1957-12-20","女","yamada1220@example.net","080-8841-8059","神奈川県横浜市鶴見区向井町2-3-4"
220,"谷岡 一晃",67,"1958-02-17","男","taniokakazuaki@example.net","050-7566-4806","兵庫県尼崎市武庫川町1-2-7ドルミ611"
221,"澤田 千香子",55,"1970-08-04","女","sawadachikako@example.jp","090-8990-8325","兵庫県神戸市中央区雲井通3-2-12"
222,"鈴木 理絵",49,"1976-07-12","女","riesuzuki@example.co.jp","090-3328-7821","東京都新宿区西新宿1-3-5"
223,"佐野 寛",51,"1974-04-19","男","sano_hiroshi@example.org","050-2325-8878","北海道札幌市清田区北野五条3-3-20"
224,"大和 明子",32,"1993-06-14","女","akiko_yamato@example.net","050-7605-2828","北海道釧路市新富士町1-4-21"
225,"森本 賢司",62,"1962-12-23","男","morimoto1223@example.ne.jp","070-5136-3310","東京都中野区中央2-4-301"
226,"大石 直之",22,"2003-02-02","男","oishi_22@example.net","090-1381-7620","愛媛県松山市湊町3-1-6ニューライフ206"
227,"日下 順子",36,"1989-06-10","女","junko_kusaka@example.jp","070-0131-1923","神奈川県横浜市中区海岸通2-1-15"
228,"濱川 美代子",34,"1991-01-30","女","hamakawa_130@example.co.jp","070-0679-1217","東京都八王子市中野上町2-1-11"
229,"広重 潤哉",78,"1946-11-19","男","junyahiroshige@example.org","070-0837-2147","東京都中野区中央2-2-22"
230,"曽根 裕一",21,"2004-09-24","男","sone_924@example.jp","080-4675-7538","東京都港区南青山1-4-12"
231,"熊野 まりか",33,"1992-03-26","女","kumano326@example.net","050-0380-2076","埼玉県さいたま市浦和区高砂4-1-10デリード315"
232,"菊池 秀弘",45,"1980-05-18","男","kikuchihidehiro@example.com","050-5396-8967","東京都新宿区西新宿3-3-306"
233,"夏目 勇輝",49,"1976-03-04","男","natsumeyuuki@example.org","050-5919-7902","兵庫県伊丹市西台3-3-12"
234,"石黒 晃",21,"2004-03-31","男","ishiguroakira@example.co.jp","070-6342-6426","福岡県福岡市博多区中洲1-3-9"
235,"向井 友和",43,"1982-08-29","男","mukaitomokazu@example.co.jp","050-0657-2977","東京都港区虎ノ門3-3-21"
236,"清水 有紀",30,"1995-01-23","女","yukishimizu@example.net","070-5761-8136","東京都新宿区下落合4-2-7サニーフラット406"
237,"伊藤 智子",76,"1949-05-22","女","tomokoito@example.org","050-1783-4256","福岡県福岡市博多区美野島2-1-9"
238,"竹山 美輝",33,"1992-03-26","女","takeyamamiki@example.co.jp","070-0706-7719","東京都足立区江北4-3-9"
239,"小泉 剛",70,"1955-02-27","男","tsuyoshikoizumi@example.net","080-7688-0864","千葉県千葉市中央区中央1-5-6グランブルー708"
240,"小湊 眞介",79,"1946-08-26","その他","shinsuke_kominato@example.com","080-4053-5815","神奈川県横浜市西区浅間町1-1-5グリーンコーポ607"
241,"堤 秀樹",29,"1996-06-25","男","tsutsumi_625@example.org","070-4282-9460","東京都羽村市神明台1-5-19セントファミーユ406"
242,"岩崎 真博",58,"1967-04-08","男","iwasaki_48@example.ne.jp","080-8716-3046","大分県大分市勢家町1-3-4"
243,"大野 加代",39,"1986-03-07","女","onokayo@example.com","050-9178-7854","埼玉県加須市花崎3-2-705"
244,"酒井 隆弘",64,"1960-12-24","男","takahirosakai@example.ne.jp","070-7629-7598","東京都港区白金2-1-12"
245,"南 こずえ",57,"1967-10-30","女","kozueminami@example.jp","050-0896-8251","東京都新宿区西新宿4-2-4メガロコープ805"
246,"鯨井 優介",44,"1980-11-03","男","kujirai_113@example.net","080-9935-3473","千葉県木更津市請西南2-5-20"
247,"平松 康博",40,"1985-03-16","男","yasuhirohiramatsu@example.co.jp","070-2673-3184","東京都中央区八丁堀2-1-4"
248,"加藤 絵里加",49,"1976-01-24","女","kato124@example.ne.jp","070-4417-9940","熊本県熊本市中央区帯山2-1-3ネバーランド303"
249,"原 武",36,"1989-09-16","男","takeru_hara@example.co.jp","090-1078-0591","東京都杉並区高円寺南4-3-6"
250,"多和田 美穂",22,"2003-07-20","女","mihotawada@example.jp","070-8262-4784","東京都世田谷区代田3-1-6"
251,"大西 美帆",27,"1998-05-10","女","onishi510@example.jp","090-5786-7276","大阪府豊中市服部西町1-5-4"
252,"高橋 正和",79,"1946-08-13","男","takahashi_813@example.net","070-6179-0894","東京都西東京市向台町1-4-15"
253,"青木 仁",64,"1961-04-28","男","aokihitoshi@example.net","080-6816-4764","兵庫県神戸市東灘区本山北町2-1-14"
254,"中西 友里絵",42,"1983-08-08","女","nakanishi_yurie@example.ne.jp","050-9388-4145","東京都練馬区大泉町3-1-904"
255,"森 藍",41,"1984-06-08","女","mori_68@example.org","070-2253-4746","愛知県名古屋市南区六条町2-3-4"
256,"妹尾 大士",69,"1956-04-20","男","senoo420@example.jp","080-7732-2532","東京都世田谷区成城1-5-13"
257,"山田 格",42,"1983-05-18","男","tadashiyamada@example.jp","080-0799-5826","福岡県福岡市博多区東比恵4-3-6グランドハイム310"
258,"田中 康行",36,"1988-11-08","男","tanakayasuyuki@example.net","070-6157-0971","東京都府中市押立町1-2-9"
259,"早津 敏雄",20,"2005-05-04","男","toshio_hayatsu@example.ne.jp","050-9620-0790","東京都大田区池上4-1-4"
260,"松浦 博和",22,"2003-08-28","男","matsuura828@example.com","070-5702-3734","東京都大田区中央3-3-6"
261,"高橋 弘典",76,"1949-07-14","男","takahashi_714@example.co.jp","090-1290-6088","東京都杉並区久我山3-1-9エーベル206"
262,"北沢 光司",31,"1994-04-28","男","kitazawa_428@example.co.jp","080-9174-3530","熊本県熊本市東区東町1-4-15"
263,"坂井 眞",60,"1965-03-15","男","makoto_sakai@example.net","050-1074-5956","東京都杉並区高井戸東1-3-20ハーティネス401"
264,"木村 隆",80,"1945-04-21","男","kimura421@example.co.jp","050-2059-8842","千葉県船橋市二和東3-1-10"
265,"小柴 純子",72,"1953-07-20","女","koshiba_720@example.co.jp","080-5344-3141","福岡県春日市春日原南町1-3-8"
266,"築山 佐知子",41,"1984-02-28","女","sachiko_tsukiyama@example.co.jp","070-5143-3930","東京都北区志茂1-3-906"
267,"太田 香織",75,"1950-07-16","女","ota716@example.jp","090-6355-7716","東京都豊島区池袋4-2-7"
268,"那須 憲",23,"2002-07-20","男","nasu_tadashi@example.net","090-5048-7276","神奈川県藤沢市渡内3-3-20グランドメゾン702"
269,"小林 塁",68,"1957-09-14","男","kobayashi_914@example.net","050-3873-1363","茨城県牛久市中央1-2-407"
270,"鷹野 ゆかり",56,"1969-01-11","女","takano111@example.org","080-1349-2479","東京都国分寺市西町2-2-19"
271,"永井 幸彦",74,"1950-12-16","男","yukihikonagai@example.com","080-7250-4072","福岡県福岡市博多区博多駅南1-3-4"
272,"池田 愛",30,"1995-03-07","女","ai_ikeda@example.jp","090-3253-3012","東京都江戸川区西小岩2-3-8"
273,"齋藤 太平",32,"1993-02-04","男","saito_24@example.co.jp","080-6378-0313","大阪府豊中市上新田4-2-9"
274,"加藤 早苗",43,"1982-03-24","女","kato324@example.ne.jp","090-6469-1986","富山県富山市総曲輪2-1-305プレサンスグラン603"
275,"小林 政俊",21,"2004-04-14","男","kobayashimasatoshi@example.net","070-6748-5968","山形県山形市小立1-2-9"
276,"山田 慶太",65,"1960-02-16","男","yamada_keita@example.ne.jp","050-0611-3292","北海道札幌市中央区北四条東2-1-5"
277,"野田 一輝",44,"1981-01-03","男","noda13@example.co.jp","080-9182-5919","熊本県熊本市中央区南熊本3-2-10"
278,"今坂 由佳理",70,"1955-03-23","女","imasaka_323@example.co.jp","050-7065-7689","神奈川県横浜市港北区大倉山2-2-9"
279,"西本 隆生",31,"1994-05-28","男","takao_nishimoto@example.org","070-5924-1072","神奈川県大和市中央3-4-14アーバンコンフォート508"
280,"後藤 庄吾",75,"1950-08-07","男","shougogoto@example.org","090-5895-8587","埼玉県さいたま市浦和区高砂4-1-10"
281,"山崎 マミ",48,"1977-02-12","女","yamazaki212@example.ne.jp","090-7603-0703","東京都江東区亀戸2-2-18"
282,"若林 寛子",26,"1999-05-08","女","wakabayashihiroko@example.jp","050-5552-4588","千葉県船橋市三咲3-1-7"
283,"岡田 直子",32,"1992-10-17","女","okada1017@example.com","080-6280-9190","沖縄県浦添市牧港1-4-15"
284,"岡本 秀則",23,"2002-02-28","男","hidenori_okamoto@example.co.jp","050-4672-8097","千葉県浦安市猫実2-4-9"
285,"鈴木 優",43,"1981-11-07","その他","yuusuzuki@example.ne.jp","050-8836-4257","東京都港区高輪3-4-21"
286,"城戸 美音",33,"1991-12-16","女","mio_kido@example.org","090-4273-2703","大阪府箕面市粟生外院3-3-1101"
287,"小川 登",40,"1985-08-27","男","ogawa_noboru@example.net","080-2180-4687","広島県広島市安佐南区西原1-3-14"
288,"前田 貴之",31,"1994-08-21","男","maeda821@example.jp","080-8148-0967","埼玉県戸田市上戸田1-4-4セイワパレス415"
289,"小川 節",47,"1978-08-13","女","ogawatakashi@example.org","050-6094-5933","神奈川県横浜市西区浅間町2-3-401"
290,"古屋 美代子",45,"1979-11-13","女","furuyamiyoko@example.jp","090-1010-4455","福岡県福岡市博多区中洲3-1-4コーポラス114"
291,"新井 明香",24,"2000-09-30","女","sayaka_arai@example.co.jp","090-4107-5082","兵庫県神戸市中央区相生町3-1-4"
292,"佐貫 正恵",42,"1983-07-14","男","sanuki_714@example.co.jp","080-2387-0606","福井県福井市宝永1-1-13オープンレジデンシア508"
293,"松野 はづき",46,"1978-12-28","女","matsuno_hazuki@example.co.jp","090-0379-4247","岐阜県岐阜市金町3-1-9"
294,"野寺 大輔",38,"1987-02-11","男","nodera_daisuke@example.co.jp","090-4648-9195","北海道稚内市こまどり3-1-22グリーンスクエア212"
295,"寺内 芽美",37,"1987-12-16","女","megumi_terauchi@example.com","070-4935-8237","福岡県北九州市八幡東区枝光2-2-13"
296,"近藤 伸一",41,"1984-08-25","男","shinichikondou@example.co.jp","080-5517-4218","東京都葛飾区南水元4-2-8"
297,"石原 潤",80,"1945-05-16","男","ishihara_jiyun@example.org","080-8283-8650","東京都江戸川区上篠崎2-3-6ディモア208"
298,"岸本 絵里子",50,"1975-07-08","女","eriko_kishimoto@example.com","090-3916-0061","東京都台東区東上野2-3-10パレ106"
299,"小林 祐一",54,"1971-03-09","男","yuuichikobayashi@example.com","090-0020-5186","東京都東村山市多摩湖町2-2-14"
300,"稲岡 彩子",71,"1954-05-18","女","inaokasaiko@example.com","080-2156-7839","広島県広島市安佐南区祇園2-3-4プレステージ408"
301,"浅田 行雄",27,"1998-05-24","男","yukioasada@example.jp","070-9482-5280","徳島県徳島市南昭和町3-3-804インペリアル801"
302,"宮原 賢人",49,"1976-05-26","男","miyahara_526@example.org","070-6439-8158","兵庫県神戸市東灘区御影山手1-4-16"
303,"塚田 知春",43,"1982-09-03","男","tsukada93@example.com","080-2840-3667","北海道旭川市川端町二条3-5-13"
304,"武田 平太",53,"1971-11-05","男","heitatakeda@example.ne.jp","050-5207-2902","神奈川県川崎市麻生区白山3-1-8"
305,"依田 秀一",55,"1969-11-01","男","yoda_shuuichi@example.jp","070-4361-5921","北海道札幌市中央区大通西3-2-701"
306,"藤原 加奈",46,"1979-01-23","女","fujiwara123@example.co.jp","080-8505-7254","東京都荒川区東日暮里1-2-13パレ503"
307,"青木 美香",45,"1980-01-30","女","mika_aoki@example.com","080-3233-9819","千葉県船橋市本町1-2-7"
308,"寒川 弘史",44,"1980-11-19","男","samukawa_hirofumi@example.jp","090-4876-1951","大阪府大阪市西区北堀江2-2-4"
309,"高嶋 美帆",78,"1947-01-24","女","miho_takashima@example.com","080-7225-6509","東京都新宿区西新宿1-2-3"
310,"岡 秀子",58,"1967-09-22","女","oka_922@example.com","070-1929-8682","東京都西東京市田無町1-1-14"
311,"上田 則子",29,"1995-10-22","女","noriko_ueda@example.ne.jp","090-7184-3835","北海道札幌市厚別区厚別西三条4-2-5"
312,"関 由里子",28,"1996-10-03","女","yurikoseki@example.org","050-9497-5244","大阪府大阪市中央区高麗橋3-2-6"
313,"永野 謙一",61,"1964-07-11","男","kenichinagano@example.ne.jp","070-4000-1837","宮城県仙台市宮城野区栄2-1-10"
314,"鷲尾 正人",20,"2005-03-01","男","masato_washio@example.net","050-7793-7500","東京都練馬区早宮3-4-607セレブコート416"
315,"馬場 勇二",51,"1973-11-13","男","baba_1113@example.org","080-1068-9823","東京都世田谷区弦巻1-3-7"
316,"塚崎 いづみ",52,"1973-08-03","女","izumitsukazaki@example.com","050-3007-8439","大阪府東大阪市下小阪2-3-4"
317,"小山 みどり",21,"2004-01-22","女","midori_koyama@example.org","070-9311-4071","東京都台東区台東4-2-7"
318,"小山 雄平",67,"1958-04-11","男","koyama_yuuhei@example.jp","090-6775-5203","東京都港区南青山1-4-4"
319,"四宮 悟",31,"1994-05-22","男","satoru_shinomiya@example.jp","080-2605-1896","福岡県大野城市乙金東1-3-5ランフォルセ301"
320,"柴田 尚実",59,"1966-03-04","女","shibata34@example.net","070-5506-3380","東京都文京区本郷2-2-13"
321,"矢野 英史",54,"1971-04-03","男","hidefumiyano@example.org","080-2664-5660","神奈川県横浜市金沢区釜利谷東2-3-8"
322,"仲松 崇",73,"1952-09-20","男","takashi_nakamatsu@example.jp","080-2130-9165","神奈川県川崎市宮前区菅生2-5-20"
323,"渡邉 佐知子",57,"1968-05-31","女","sachikowatanabe@example.org","080-8110-4728","東京都豊島区池袋本町1-1-5"
324,"中谷 美咲",67,"1957-10-17","女","nakatanimisaki@example.ne.jp","080-1545-8847","北海道札幌市北区新琴似四条3-1-9クレオ515"
325,"澤田 真理",29,"1995-10-28","女","sawada_mari@example.net","050-2228-7161","北海道札幌市厚別区厚別西五条1-3-802"
326,"太田 智子",48,"1977-04-15","女","ota415@example.org","050-7017-7078","愛知県名古屋市東区三の丸1-1-13"
327,"須田 靖",45,"1980-07-11","男","suda_yasushi@example.net","070-5533-2177","東京都北区西ケ原1-5-9"
328,"渋川 敬子",36,"1989-05-22","女","shibukawa522@example.co.jp","050-6601-6113","北海道旭川市東八条3-4-18"
329,"小黒 あおい",36,"1988-11-16","女","oguroaoi@example.co.jp","090-9933-5251","東京都新宿区四谷3-2-1109ハイネスクラウズ711"
330,"岡村 幸広",26,"1999-03-24","男","okamura_yukihiro@example.net","070-6782-9851","東京都大田区蒲田2-1-808"
331,"石田 さおり",28,"1997-07-21","女","saoriishida@example.jp","090-5551-1641","大阪府大阪市中央区南船場1-3-10"
332,"澤田 康樹",64,"1961-02-01","その他","yasukisawada@example.net","080-3038-1258","大阪府摂津市千里丘東1-3-12"
333,"池田 裕子",50,"1975-03-16","女","ikeda_yuuko@example.net","070-9504-0862","愛知県名古屋市中区金山2-4-11クレオ215"
334,"佐伯 友子",29,"1996-06-11","女","tomokosaeki@example.com","090-1419-0733","北海道釧路市阿寒町阿寒湖温泉1-4-22"
335,"山根 絵理子",73,"1951-11-15","その他","yamaneeriko@example.jp","050-6436-4883","東京都江戸川区南小岩4-3-10"
336,"齋藤 明裕",34,"1991-03-06","男","saitoakihiro@example.org","070-7626-2476","群馬県前橋市若宮町3-2-19"
337,"森内 陽介",75,"1949-10-09","男","moriuchi109@example.jp","090-1077-9362","東京都渋谷区千駄ヶ谷3-5-3"
338,"浜野 康平",42,"1983-02-17","男","hamano217@example.jp","080-4129-5188","東京都中央区日本橋室町1-1-502アーバンビュー101"
339,"工藤 薫",78,"1947-05-19","女","kaoru_kudou@example.ne.jp","070-0883-2617","広島県広島市佐伯区石内北3-2-1104"
340,"石川 和義",62,"1962-11-24","男","kazuyoshi_ishikawa@example.net","080-5481-4367","愛知県名古屋市中川区花塚町1-2-18"
341,"砂田 美佐",43,"1981-10-19","女","sunada_1019@example.ne.jp","070-3343-1795","東京都港区南青山3-5-17"
342,"磯部 直樹",65,"1959-11-01","男","isobe111@example.net","080-0428-9753","東京都港区高輪3-1-109"
343,"仲 幸平",44,"1980-10-03","男","koheinaka@example.jp","050-1193-2416","東京都港区赤坂1-2-18"
344,"泉 康宏",59,"1966-03-26","男","izumi326@example.net","050-4841-3888","北海道札幌市北区屯田八条2-5-8"
345,"赤松 みほ",57,"1968-01-09","女","mihoakamatsu@example.ne.jp","070-7415-0063","東京都葛飾区細田1-1-6ベルヴィ616"
346,"田形 和憲",25,"2000-04-22","男","tagata_kazunori@example.co.jp","090-5559-0247","東京都練馬区南大泉1-1-3エスト209"
347,"山本 洋",68,"1957-09-17","男","yamamotohiroshi@example.co.jp","050-2022-4784","埼玉県熊谷市銀座2-5-10"
348,"柿沼 めぐみ",30,"1994-10-23","女","kakinuma1023@example.org","050-4127-6101","岡山県岡山市北区伊福町1-3-6ユニライフ508"
349,"岡村 聖治",35,"1990-09-07","男","seiji_okamura@example.org","050-1063-6228","北海道千歳市朝日町3-5-4"
350,"野原 正徳",64,"1961-04-14","男","masanori_nohara@example.jp","080-4982-8438","東京都渋谷区恵比寿3-3-5"
351,"岸田 京子",75,"1950-05-28","女","kishida528@example.ne.jp","090-6065-4963","東京都台東区上野3-4-13"
352,"平山 裕司",37,"1988-08-10","男","yuujihirayama@example.org","050-5474-9634","北海道札幌市西区八軒五条東3-2-109"
353,"柴田 信子",43,"1981-12-20","女","shibata_1220@example.org","050-0757-8088","滋賀県大津市一里山4-2-7"
354,"樋口 智美",35,"1989-10-08","女","higuchi_108@example.ne.jp","080-2302-2948","千葉県千葉市中央区中央1-5-6"
355,"山田 友昭",35,"1990-02-05","男","tomoakiyamada@example.org","070-1847-2813","東京都港区芝浦1-4-17"
356,"長谷川 沙希",60,"1964-11-17","女","saki_hasegawa@example.co.jp","050-3453-6599","神奈川県藤沢市辻堂3-3-4"
357,"杉本 弘幸",80,"1945-08-05","男","sugimoto_85@example.jp","050-1102-4975","神奈川県横須賀市大矢部3-5-19"
358,"浅野 雅臣",21,"2004-06-10","男","asano_610@example.ne.jp","090-5784-7981","東京都渋谷区代々木2-1-8"
359,"沼尻 賢",53,"1972-06-05","男","numajiriken@example.org","080-9600-9150","福岡県福岡市南区大橋4-1-7"
360,"加藤 公美子",55,"1970-05-04","女","kato_kumiko@example.net","050-5806-5657","東京都渋谷区神宮前3-2-3"
361,"榎本 紘之",67,"1958-09-11","男","hiroyuki_enomoto@example.net","050-4315-2061","東京都中央区八丁堀3-3-5"
362,"今井 康久",34,"1991-01-10","男","yasuhisaimai@example.com","050-5338-1971","大阪府大阪市中央区南久宝寺町2-5-6"
363,"水谷 千賀",56,"1969-05-02","女","mizutanichika@example.co.jp","090-6974-8765","広島県広島市西区楠木町3-1-5"
364,"田中 紗知子",76,"1949-01-27","女","sachiko_tanaka@example.co.jp","070-7009-0910","兵庫県神戸市兵庫区荒田町1-1-13"
365,"伊豆 元気",63,"1962-01-21","男","genki_izu@example.org","050-5532-0965","北海道札幌市豊平区福住一条2-3-5"
366,"鈴木 知裕",55,"1970-08-12","男","suzuki_tomohiro@example.jp","050-7148-6072","神奈川県横浜市鶴見区東寺尾3-1-4"
367,"吉川 尚",58,"1967-03-16","男","nao_yoshikawa@example.net","050-7754-6488","北海道札幌市厚別区厚別中央五条3-3-10"
368,"寺尾 美幸",72,"1953-05-25","女","miyuki_terao@example.co.jp","050-0829-2819","東京都渋谷区千駄ヶ谷1-3-20プロシード114"
369,"横山 正樹",39,"1986-09-19","男","yokoyama_919@example.net","070-9802-9138","東京都渋谷区本町1-1-4ライオンズ・グランフォート411"
370,"高橋 清",33,"1992-02-29","男","takahashi229@example.ne.jp","080-2256-8955","東京都江戸川区東小松川3-2-304"
371,"池田 裕香子",32,"1992-12-21","女","yukako_ikeda@example.jp","070-1732-8988","福岡県福岡市城南区樋井川2-4-14"
372,"岩崎 翔平",65,"1960-08-19","男","iwasaki819@example.com","050-2478-5977","青森県青森市桂木3-3-16"
373,"小嶋 克美",64,"1961-08-22","男","katsumikojima@example.com","080-9612-0442","東京都足立区伊興3-3-5"
374,"杉本 有香",70,"1955-04-30","女","sugimoto_430@example.com","080-5992-6922","東京都墨田区立川1-2-503プリメゾン307"
375,"栗原 理紗",50,"1975-03-18","女","kurihara318@example.org","080-8934-1417","愛知県名古屋市中区大須1-4-16"
376,"平田 文子",29,"1995-11-05","女","hirata_115@example.ne.jp","050-5721-0643","山形県山形市南館3-4-5"
377,"森 梓",49,"1976-05-24","女","mori_azusa@example.net","070-7418-4841","山梨県甲府市塩部2-4-20"
378,"小泉 誠",51,"1973-11-20","男","makotokoizumi@example.jp","080-1710-7930","北海道旭川市東八条3-4-18"
379,"田崎 将太",53,"1972-09-19","男","tasaki_shouta@example.org","050-4364-8003","三重県鈴鹿市庄野羽山1-3-609"
380,"本間 誠",57,"1967-12-09","男","makotohomma@example.com","090-6136-0599","静岡県静岡市葵区古庄3-5-204"
381,"里村 拓生",34,"1991-08-04","その他","satomura_takuo@example.net","080-2342-4131","東京都多摩市愛宕3-2-5"
382,"宮城 栄樹",45,"1980-07-27","男","hidekimiyagi@example.co.jp","080-5052-6555","北海道旭川市忠和四条1-5-15"
383,"宮崎 紀子",59,"1966-01-07","女","miyazaki17@example.net","050-0124-7203","東京都江東区豊洲4-1-3"
384,"上野 礼",51,"1973-12-12","男","reiueno@example.net","070-5127-6671","大阪府箕面市西小路3-2-12"
385,"橘 葉月",69,"1956-06-27","女","hazukitachibana@example.org","050-7290-6647","広島県広島市中区光南3-4-15"
386,"岩間 晶",68,"1956-12-01","女","iwama121@example.jp","080-6849-4543","長野県長野市若里2-5-9"
387,"小川 緑",44,"1981-06-18","女","ogawa618@example.org","080-0002-7463","神奈川県横浜市鶴見区鶴見中央4-1-4サンコート709"
388,"中北 英一",30,"1995-03-02","男","eiichinakakita@example.com","070-1614-1167","大阪府大阪市東淀川区井高野3-3-6キングマンション211"
389,"守屋 日出男",36,"1989-05-12","男","moriyahideo@example.co.jp","050-0446-7047","青森県弘前市大字樹木2-2-7"
390,"河本 亜里沙",26,"1998-12-26","女","kawamoto1226@example.ne.jp","070-8989-5744","北海道札幌市北区北十九条西3-1-18"
391,"中山 友人",46,"1979-03-28","男","tomohito_nakayama@example.org","070-2336-8090","広島県広島市安佐北区口田南1-4-103"
392,"堀之内 雅人",64,"1960-11-05","男","horinouchi_115@example.net","080-8440-6700","大阪府大阪市浪速区桜川3-4-3"
393,"内村 雅子",65,"1960-01-09","女","uchimura19@example.jp","090-0342-5759","滋賀県大津市坂本1-1-10"
394,"高橋 怜子",62,"1963-08-03","女","satoko_takahashi@example.org","070-3514-8905","千葉県船橋市大穴北1-5-8ユーロハイツ209"
395,"安部 健佑",21,"2004-06-26","男","kensuke_abe@example.com","070-0227-8676","大阪府大阪市中央区南久宝寺町1-2-15"
396,"村上 良紀",51,"1974-04-25","その他","murakami_425@example.co.jp","080-8368-7280","東京都国立市東4-1-4"
397,"小林 大輔",44,"1981-02-18","男","kobayashi_daisuke@example.com","050-3556-4166","北海道深川市広里町1-2-9"
398,"渡辺 英明",63,"1962-06-25","男","hideaki_watanabe@example.net","090-0091-8415","東京都渋谷区代々木3-2-905"
399,"三塚 真人",44,"1981-01-01","男","mahitomitsuzuka@example.ne.jp","090-6983-0677","大阪府八尾市北本町3-2-9"
400,"斎藤 健二郎",65,"1960-06-28","男","kenjirousaito@example.co.jp","080-7940-6259","福岡県北九州市八幡西区藤田3-2-10"
401,"黒澤 岬",44,"1980-12-12","男","kurosawa_1212@example.com","080-9091-0922","大阪府茨木市鮎川3-1-203"
402,"藤田 浩平",41,"1983-10-03","男","fujita_kohei@example.co.jp","070-1035-2048","長崎県長崎市横尾2-4-608"
403,"勝又 孝幸",54,"1971-08-25","男","takayukikatsumata@example.com","090-6079-0978","大阪府大阪市生野区桃谷1-2-9"
404,"五日市 敏子",51,"1974-01-16","女","itsukaichitoshiko@example.net","080-1319-0408","岩手県盛岡市高松1-2-9リバーガーデン707"
405,"北澤 浩司",72,"1952-10-04","男","kitazawahiroshi@example.co.jp","070-0501-9688","大阪府大阪市東住吉区北田辺2-2-408"
406,"佐々木 正樹",22,"2002-10-25","男","sasaki_masaki@example.com","050-5569-2839","埼玉県北足立郡伊奈町中央3-1-10パインフィールド202"
407,"仲谷 洋志",47,"1978-06-17","男","nakatani_hiroshi@example.com","090-7675-2159","北海道旭川市永山一条2-1-10パークハイム602"
408,"古川 秀和",39,"1986-09-10","男","furukawa_910@example.com","090-6695-4780","東京都荒川区東尾久2-5-1203"
409,"山田 雄太",27,"1998-07-07","男","yuuta_yamada@example.com","090-3461-0795","山形県山形市西田3-2-302"
410,"山田 翔太",75,"1950-02-16","男","yamada216@example.co.jp","050-4946-2225","大阪府河内長野市清見台1-1-21サーパス614"
411,"野村 正樹",50,"1975-07-25","男","nomura725@example.com","090-7152-8457","北海道札幌市東区北四十二条東2-5-14"
412,"林 裕子",44,"1981-01-23","女","yuukohayashi@example.jp","070-1134-8914","東京都江戸川区北小岩3-3-3"
413,"山本 毅",77,"1948-06-16","男","yamamoto616@example.ne.jp","070-0591-4030","東京都千代田区飯田橋3-5-8"
414,"中村 美穂",43,"1982-03-29","女","nakamura_miho@example.ne.jp","070-2484-8297","東京都目黒区青葉台4-3-6"
415,"佐藤 里奈",45,"1979-11-26","女","sato_rina@example.org","050-4346-3263","鳥取県鳥取市湖山町東3-2-5"
416,"西條 直子",54,"1971-05-04","女","saijou_naoko@example.net","080-3622-4230","埼玉県狭山市入間川3-2-15"
417,"濱中 裕美",76,"1948-11-04","女","yumi_hamanaka@example.net","080-3710-9995","神奈川県相模原市緑区二本松1-2-409"
418,"森田 恵",71,"1954-05-12","男","morita_512@example.net","050-0701-4507","熊本県熊本市南区川尻1-5-20"
419,"笠井 徹也",26,"1999-09-11","男","kasaitetsuya@example.ne.jp","090-3086-8287","東京都千代田区九段北3-4-11"
420,"里 雅子",28,"1997-03-14","女","sato314@example.org","090-0766-2229","長崎県佐世保市天神4-3-5"
421,"増田 真紀子",78,"1947-05-23","女","masuda_makiko@example.co.jp","080-5315-9743","福岡県北九州市小倉北区清水3-1-18"
422,"山口 恵子",56,"1969-09-04","女","yamaguchi_keiko@example.jp","080-5381-0655","千葉県市川市塩焼1-1-9"
423,"西浦 大祐",61,"1964-01-09","その他","nishiuradaisuke@example.org","080-2900-2168","東京都世田谷区成城1-3-6プチ208"
424,"村瀬 俊一",64,"1961-05-27","男","murase_shunichi@example.org","050-6600-8068","千葉県浦安市猫実3-1-3レックスマンション306"
425,"小林 理香子",39,"1985-11-18","女","rikakokobayashi@example.com","080-1251-1869","群馬県前橋市若宮町3-2-19"
426,"池田 沙織",65,"1960-01-15","女","saori_ikeda@example.ne.jp","090-1744-9745","神奈川県鎌倉市材木座1-4-3"
427,"塩原 美紀",26,"1999-09-14","女","shiobara914@example.net","080-7581-0503","神奈川県川崎市麻生区金程2-3-1001"
428,"武田 美鈴",54,"1971-06-28","女","takeda_628@example.jp","050-1153-2292","愛知県豊橋市東脇2-3-21ローズコーポ604"
429,"松本 直人",63,"1962-09-02","男","matsumoto_naoto@example.jp","050-7816-8286","千葉県市川市八幡1-3-5ハイデンス614"
430,"小松崎 由季",48,"1976-11-24","女","yuki_komatsuzaki@example.ne.jp","090-4800-7345","福岡県福岡市博多区博多駅南1-2-208サングレート503"
431,"鈴木 哲史",67,"1958-05-03","その他","satoshi_suzuki@example.org","050-7715-7651","北海道札幌市中央区南六条西1-3-5シーアイハイツ503"
432,"山本 友里",33,"1991-11-06","女","yamamoto_116@example.net","090-8166-1457","山口県柳井市南町1-2-20"
433,"岩松 文貴",31,"1993-11-15","男","fumitaka_iwamatsu@example.com","080-8758-3108","福岡県北九州市小倉南区上石田1-4-309"
434,"福田 心",47,"1977-11-05","男","kokorofukuda@example.jp","050-6507-4053","大分県大分市古国府2-2-11"
435,"谷原 道子",36,"1989-04-05","女","michikotanihara@example.net","050-2080-1490","東京都足立区千住4-1-8デュオヒルズ609"
436,"村田 恭平",37,"1987-10-29","男","kyouheimurata@example.net","090-0410-4525","大阪府八尾市恩智北町2-1-5"
437,"石川 健太",78,"1947-05-15","その他","ishikawa_kenta@example.ne.jp","090-4036-8802","埼玉県川口市飯塚1-2-6ヨークベル803"
438,"赤澤 武司",23,"2002-02-18","その他","akazawa_takeshi@example.co.jp","070-7149-2552","山形県山形市桜田東4-3-5"
439,"福井 卓",73,"1951-12-31","男","fukui_1231@example.ne.jp","080-0225-0687","東京都新宿区高田馬場2-3-509"
440,"中谷 憲",51,"1973-11-25","男","tadashinakatani@example.co.jp","090-4716-4546","東京都練馬区向山3-2-102"
441,"大辻 ひと美",72,"1953-07-05","女","hitomi_otsuji@example.org","050-7918-5766","千葉県浦安市入船3-4-8"
442,"山内 浩史",59,"1966-02-15","男","yamauchi_hiroshi@example.net","090-1409-8770","福岡県福岡市中央区天神1-2-15"
443,"田中 恵奈",26,"1999-01-08","その他","tanaka_18@example.net","090-2062-5772","東京都清瀬市下清戸3-2-5"
444,"田村 英明",43,"1981-10-02","男","hideaki_tamura@example.com","050-5489-1534","大阪府大阪市中央区難波1-2-6"
445,"井村 誠也",61,"1964-02-04","男","masaya_imura@example.co.jp","050-8800-0266","東京都新宿区高田馬場1-3-9"
446,"小西 勇人",79,"1946-09-17","男","hayato_konishi@example.org","070-5265-4387","東京都葛飾区奥戸3-4-1206レスタージュ516"
447,"小林 葉子",53,"1971-11-06","女","kobayashiyouko@example.ne.jp","090-0396-5330","東京都杉並区井草3-4-16"
448,"中村 隆夫",34,"1991-01-10","男","nakamura110@example.jp","090-6300-9430","大阪府大阪市平野区長吉長原2-5-8"
449,"小林 貴士",34,"1990-11-30","男","kobayashi_1130@example.ne.jp","070-7217-9620","神奈川県鎌倉市材木座1-4-3ビューネ506"
450,"林 智恵",77,"1948-09-05","女","hayashi_chie@example.jp","070-5943-7839","神奈川県横浜市西区花咲町3-4-14ディモア310"
451,"岩谷 智史",51,"1974-07-23","男","iwatani723@example.jp","070-5341-2662","東京都渋谷区恵比寿2-1-13"
452,"笠原 陽子",77,"1948-03-18","女","kasahara_318@example.net","090-0525-7050","東京都台東区千束2-2-3"
453,"石塚 彬",37,"1988-06-04","男","ishizuka_akira@example.net","090-5602-3918","神奈川県藤沢市鵠沼神明3-3-3"
454,"中嶋 直也",70,"1954-10-18","男","nakajimanaoya@example.org","050-8045-4985","東京都品川区大井1-2-4"
455,"三宅 望",25,"2000-03-24","女","miyake_324@example.com","070-4476-5586","千葉県市原市南国分寺台3-5-13コムグレイス514"
456,"池田 加代子",59,"1966-08-12","女","kayokoikeda@example.jp","050-1882-7573","熊本県熊本市南区田迎1-3-906"
457,"松本 克俊",41,"1984-05-04","男","matsumotokatsutoshi@example.jp","080-9092-9469","東京都世田谷区上野毛1-4-15"
458,"溝口 光孝",67,"1957-10-18","男","mizoguchi1018@example.org","070-9136-2570","神奈川県大和市中央1-3-11アーバンコンフォート612"
459,"中村 友香",68,"1957-05-25","女","nakamura_525@example.net","090-5322-1983","東京都江戸川区西小岩1-2-11ベル305"
460,"竹原 聡史",66,"1959-08-11","男","takehara_811@example.com","070-3777-0570","東京都港区六本木3-3-4"
461,"池上 岳",80,"1944-12-01","男","ikegamitakeshi@example.co.jp","070-0705-6631","福岡県北九州市小倉南区企救丘1-4-17"
462,"加田 大輝",39,"1986-02-14","男","kada_taiki@example.net","080-3590-4216","埼玉県川口市柳崎3-1-3"
463,"岩崎 恭介",79,"1946-09-04","男","iwasaki94@example.org","090-2614-9723","新潟県上越市本町2-4-1202"
464,"小山 鉄平",44,"1980-10-12","男","koyamateppei@example.co.jp","050-1924-2233","埼玉県さいたま市南区文蔵2-1-8"
465,"山田 知久",36,"1989-04-25","男","yamadatomohisa@example.ne.jp","090-2002-5347","北海道北見市西三輪2-3-906"
466,"松本 秀樹",40,"1985-03-18","男","matsumoto_hideki@example.co.jp","070-8465-9666","東京都練馬区関町北1-2-10"
467,"宇田川 理美",62,"1962-10-02","女","masami_udagawa@example.org","070-7601-5042","北海道札幌市中央区北二条西3-3-8ハイマート114"
468,"岩本 恵子",37,"1988-06-02","その他","keikoiwamoto@example.ne.jp","090-8457-5186","東京都港区六本木1-1-16"
469,"井上 正一",50,"1975-03-18","男","shouichiinoue@example.co.jp","080-0970-6217","千葉県市原市光風台1-1-1008スワローハイツ115"
470,"八田 真",69,"1955-10-29","男","hatta_makoto@example.org","080-6405-8505","東京都新宿区新宿1-2-3ルモン208"
471,"玉井 尚美",65,"1960-06-16","女","tamai_naomi@example.com","080-3300-5249","山梨県甲府市中央1-3-11"
472,"加藤 正昭",61,"1964-04-14","男","masaaki_kato@example.org","080-9066-4443","東京都文京区小日向3-3-4"
473,"鳥居 千尋",23,"2002-04-02","女","chihiro_torii@example.com","050-3623-3257","大阪府藤井寺市林3-2-10"
474,"島岡 栄子",37,"1988-04-17","女","eiko_shimaoka@example.org","080-5903-9348","東京都葛飾区白鳥2-5-14"
475,"西田 久美子",64,"1960-11-20","女","nishida_1120@example.ne.jp","090-6679-1408","神奈川県綾瀬市深谷中3-1-9"
476,"川瀬 裕樹",44,"1981-06-10","男","kawaseyuuki@example.org","070-8417-2707","東京都世田谷区上野毛4-1-6"
477,"塩谷 昌晃",25,"2000-07-09","男","shioya79@example.jp","080-5561-3325","東京都大田区蒲田2-4-19"
478,"鈴木 郁子",45,"1979-11-09","女","suzukiikuko@example.com","050-2603-9030","茨城県石岡市若宮1-2-10"
479,"岩見 亮太",45,"1979-12-24","男","iwamiryouta@example.co.jp","070-0847-1639","高知県高知市葛島3-3-7"
480,"田中 昭子",44,"1981-07-20","女","tanaka_720@example.jp","050-6049-2895","奈良県香芝市畑1-1-10"
481,"長谷川 司",30,"1994-09-30","男","tsukasa_hasegawa@example.jp","070-1230-7102","愛媛県今治市南大門町3-3-105プラネ103"
482,"岸村 直樹",22,"2003-01-02","その他","kishimura_12@example.jp","080-2752-5680","埼玉県志木市下宗岡4-3-5"
483,"山崎 博俊",24,"2001-09-08","男","hirotoshiyamazaki@example.org","090-5816-2369","東京都港区赤坂3-3-604"
484,"田中 貴広",56,"1968-12-03","男","tanaka_123@example.jp","070-3899-9278","埼玉県川口市川口4-1-5"
485,"松崎 健太郎",74,"1951-04-11","男","matsuzaki_kentarou@example.com","080-7605-6893","東京都墨田区立川1-2-10"
486,"平田 かおり",58,"1966-10-11","女","hiratakaori@example.com","080-1979-2772","東京都中野区上高田2-4-22ブランズ115"
487,"中野 誠一郎",79,"1946-08-13","男","seiichirou_nakano@example.com","070-2219-1485","広島県広島市安佐南区上安3-1-4セーリオ502"
488,"高橋 卓弥",26,"1999-05-26","男","takahashi_526@example.com","090-7953-1439","神奈川県川崎市川崎区浜町3-3-7"
489,"川谷 龍司",46,"1979-07-25","男","kawatani_725@example.jp","070-6947-1459","神奈川県藤沢市鵠沼海岸2-3-19"
490,"岡本 裕美子",74,"1951-09-17","女","okamotoyumiko@example.ne.jp","090-9486-4275","千葉県市川市北方町3-4-903"
491,"宮里 洋明",32,"1993-06-08","男","hiroaki_miyazato@example.co.jp","070-9372-5011","青森県八戸市売市4-1-7"
492,"樋渡 達也",74,"1951-05-14","男","hiwatashi_tatsuya@example.org","070-4629-1053","大阪府大阪市平野区平野東4-1-4"
493,"井上 紀子",72,"1953-01-02","その他","inoue12@example.co.jp","090-0152-3837","東京都昭島市昭和町3-2-5"
494,"廣田 和貴",40,"1985-03-20","男","hirota_kazuki@example.org","050-4333-0322","東京都東村山市萩山町1-4-14"
495,"大竹 晋也",39,"1985-11-05","男","otake115@example.org","080-1773-6045","福岡県北九州市小倉南区志井3-4-9"
496,"高畑 隆介",33,"1992-04-24","その他","takahata_424@example.jp","090-9534-5927","鹿児島県霧島市国分広瀬3-2-10"
497,"津田 聡明",65,"1960-06-02","男","tsuda_62@example.jp","080-0128-8145","北海道札幌市手稲区星置二条1-3-13"
498,"山田 尚子",71,"1953-10-03","その他","yamada103@example.jp","080-8634-4357","東京都葛飾区金町2-5-8パークプラザ202"
499,"松本 吉隆",65,"1960-06-30","その他","yoshitaka_matsumoto@example.ne.jp","050-0498-6559","大阪府大阪市中央区淡路町3-1-7"
500,"田中 洋平",47,"1977-10-04","男","tanaka_104@example.ne.jp","080-0605-6449","東京都練馬区向山1-1-102ユニアルス709"
